dumpster_id,x,y
DUMP0001,4166.199,101.692
DUMP0002,8252.065,2986.399
DUMP0003,3684.117,1936.613
DUMP0004,5660.082,1616.878
DUMP0005,1242.669,4329.363
DUMP0006,5620.785,1743.436
DUMP0007,5532.211,3549.014
DUMP0008,9580.648,912.941
DUMP0009,9786.4,4121.194
DUMP0010,5039.354,1481.462
DUMP0011,7189.671,1899.714
DUMP0012,3415.604,235.212
DUMP0013,3395.178,9674.825
DUMP0014,9787.985,7445.3
DUMP0015,34.546,9402.385
DUMP0016,8707.67,7708.343
DUMP0017,1788.738,994.996
DUMP0018,4145.325,8855.365
DUMP0019,5780.86,7365.822
DUMP0020,2326.211,5235.976
DUMP0021,7093.864,8248.339
DUMP0022,8071.245,2323.081
DUMP0023,8731.9,2163.804
DUMP0024,8018.992,5550.853
DUMP0025,1858.284,5886.086
DUMP0026,5182.394,9586.625
DUMP0027,415.392,1641.383
DUMP0028,9832.927,8322.049
DUMP0029,1502.725,2291.13
DUMP0030,5391.383,1569.808
DUMP0031,3237.607,493.192
DUMP0032,7116.773,785.627
DUMP0033,9946.043,9205.698
DUMP0034,7888.289,7724.059
DUMP0035,3677.523,6787.062
DUMP0036,7612.588,4807.763
DUMP0037,615.25,6261.039
DUMP0038,3257.608,6100.891
DUMP0039,4208.285,9525.308
DUMP0040,2015.946,7688.564
DUMP0041,6985.619,5565.63
DUMP0042,800.463,1649.517
DUMP0043,9672.82,2306.425
DUMP0044,1635.43,2882.957
DUMP0045,5371.205,5196.133
DUMP0046,33.318,31.85
DUMP0047,4960.665,1848.545
DUMP0048,6075.008,7984.63
DUMP0049,958.733,5051.672
DUMP0050,4061.381,7904.533
DUMP0051,9547.929,4167.182
DUMP0052,2432.678,8784.734
DUMP0053,272.757,3304.658
DUMP0054,3947.751,1779.839
DUMP0055,6799.349,5182.663
DUMP0056,2489.406,4132.507
DUMP0057,6918.833,3249.64
DUMP0058,677.06,4605.03
DUMP0059,1950.645,6213.125
DUMP0060,2018.894,1350.258
DUMP0061,8939.611,3302.881
DUMP0062,2923.052,5382.59
DUMP0063,6933.82,6709.971
DUMP0064,7983.939,2599.362
DUMP0065,4268.76,3639.603
DUMP0066,5166.87,5740.463
DUMP0067,6292.883,679.54
DUMP0068,3712.173,7085.639
DUMP0069,353.273,7462.382
DUMP0070,6859.014,4017.914
DUMP0071,4491.713,2643.407
DUMP0072,7372.211,4804.054
DUMP0073,2651.295,293.527
DUMP0074,3450.715,9209.92
DUMP0075,6761.449,6256.025
DUMP0076,9338.809,306.05
DUMP0077,6024.564,1879.508
DUMP0078,3969.443,1818.354
DUMP0079,3491.298,9013.784
DUMP0080,7253.923,8462.917
DUMP0081,754.837,3008.434
DUMP0082,7841.606,404.513
DUMP0083,1897.225,818.568
DUMP0084,8175.562,2322.461
DUMP0085,4242.918,138.561
DUMP0086,1136.666,5139.963
DUMP0087,7913.105,3410.268
DUMP0088,3193.485,408.121
DUMP0089,996.16,1485.149
DUMP0090,2062.578,5698.488
DUMP0091,3588.934,9777.271
DUMP0092,2841.1,8562.795
DUMP0093,917.742,5276.047
DUMP0094,5494.743,6572.96
DUMP0095,4101.363,5239.892
DUMP0096,7778.125,1516.019
DUMP0097,5316.194,5880.814
DUMP0098,7816.971,1637.112
DUMP0099,4145.863,245.693
DUMP0100,6625.56,8680.295
DUMP0101,3535.276,8162.658
DUMP0102,6580.285,170.385
DUMP0103,4702.4,457.39
DUMP0104,3132.221,8006.391
DUMP0105,1254.602,5653.695
DUMP0106,567.188,1098.255
DUMP0107,9521.643,964.074
DUMP0108,1741.141,9400.751
DUMP0109,3088.509,2164.905
DUMP0110,964.557,4992.604
DUMP0111,588.912,2200.534
DUMP0112,2221.184,7451.461
DUMP0113,1621.303,5881.377
DUMP0114,2416.913,9938.211
DUMP0115,9906.382,9238.537
DUMP0116,9000.835,5536.94
DUMP0117,9308.556,6398.6
DUMP0118,1593.908,7323.486
DUMP0119,8492.865,144.515
DUMP0120,1949.191,7843.002
DUMP0121,7680.498,5605.807
DUMP0122,1223.1,2652.532
DUMP0123,2357.153,9805.839
DUMP0124,2253.247,3701.221
DUMP0125,6890.329,6631.663
DUMP0126,5621.925,6506.766
DUMP0127,8650.063,9139.555
DUMP0128,1084.469,301.283
DUMP0129,9135.904,9102.654
DUMP0130,3679.795,3996.971
DUMP0131,6849.099,4215.091
DUMP0132,1110.278,2492.213
DUMP0133,3037.198,5661.962
DUMP0134,1712.11,7286.333
DUMP0135,9697.89,3848.446
DUMP0136,5703.148,6362.463
DUMP0137,7979.815,6291.134
DUMP0138,5165.203,7205.024
DUMP0139,237.55,9397.93
DUMP0140,8986.327,6938.177
DUMP0141,2016.191,6256.042
DUMP0142,281.239,3976.995
DUMP0143,2153.695,5612.376
DUMP0144,2504.273,922.808
DUMP0145,7938.641,2512.716
DUMP0146,5597.103,165.485
DUMP0147,5634.625,7892.496
DUMP0148,7849.927,3283.893
DUMP0149,1284.04,6094.765
DUMP0150,3065.075,2858.164
DUMP0151,2101.144,3933.218
DUMP0152,6822.055,4015.434
DUMP0153,6464.473,7278.243
DUMP0154,8103.44,5707.911
DUMP0155,9903.168,5020.736
DUMP0156,5371.835,6583.246
DUMP0157,9713.049,7019.47
DUMP0158,9168.337,1586.627
DUMP0159,4219.981,7035.138
DUMP0160,7327.158,8300.189
DUMP0161,2663.574,3147.164
DUMP0162,4127.23,3923.671
DUMP0163,926.984,3897.606
DUMP0164,6423.884,7394.703
DUMP0165,2298.756,6206.776
DUMP0166,7511.043,1555.225
DUMP0167,143.227,1601.249
DUMP0168,6789.303,9133.202
DUMP0169,3872.623,3119.979
DUMP0170,6272.634,3161.874
DUMP0171,392.105,2452.836
DUMP0172,6005.419,4578.006
DUMP0173,3468.99,3921.636
DUMP0174,1371.189,7674.037
DUMP0175,3740.325,6899.743
DUMP0176,5677.921,9001.117
DUMP0177,7964.456,1322.889
DUMP0178,4514.239,111.466
DUMP0179,7550.906,2307.578
DUMP0180,9765.884,2254.276
DUMP0181,5082.124,4915.881
DUMP0182,8273.311,5951.717
DUMP0183,8810.983,3196.401
DUMP0184,974.842,1857.137
DUMP0185,462.839,7073.682
DUMP0186,6860.595,7546.615
DUMP0187,7808.771,1251.587
DUMP0188,641.52,6590.794
DUMP0189,11.465,3370.612
DUMP0190,5876.625,6524.294
DUMP0191,6155.974,9493.921
DUMP0192,9746.22,3105.375
DUMP0193,3149.921,214.24
DUMP0194,1210.613,4381.743
DUMP0195,6417.163,2356.805
DUMP0196,994.337,6849.437
DUMP0197,6722.19,5003.844
DUMP0198,1409.504,1969.111
DUMP0199,2681.001,8527.954
DUMP0200,9261.505,471.621
DUMP0201,9367.601,9126.869
DUMP0202,7928.657,2332.785
DUMP0203,9669.902,8086.636
DUMP0204,1393.704,357.842
DUMP0205,3779.968,5795.567
DUMP0206,246.516,9546.21
DUMP0207,6728.0,5166.815
DUMP0208,4919.343,1047.489
DUMP0209,7477.79,7415.327
DUMP0210,224.279,8069.789
DUMP0211,3543.28,9331.302
DUMP0212,3420.674,2118.612
DUMP0213,1958.228,3315.423
DUMP0214,707.345,1625.015
DUMP0215,4725.204,5521.955
DUMP0216,5575.312,1320.035
DUMP0217,246.093,1467.228
DUMP0218,8994.763,1363.417
DUMP0219,6836.622,5554.979
DUMP0220,6000.726,9369.037
DUMP0221,2556.643,7025.489
DUMP0222,5175.393,3685.385
DUMP0223,4010.959,2023.614
DUMP0224,1008.346,9213.534
DUMP0225,6403.198,1698.5
DUMP0226,8031.131,1847.256
DUMP0227,6622.623,5866.453
DUMP0228,7967.764,4122.543
DUMP0229,9552.08,7190.874
DUMP0230,4491.858,1210.68
DUMP0231,2581.023,1323.484
DUMP0232,5211.625,8058.544
DUMP0233,7421.79,6370.748
DUMP0234,4268.515,2784.643
DUMP0235,8038.792,6712.119
DUMP0236,6636.052,5582.158
DUMP0237,7906.532,5888.775
DUMP0238,2633.364,3735.403
DUMP0239,3097.386,2916.703
DUMP0240,8984.208,7115.578
DUMP0241,6136.267,4509.057
DUMP0242,4853.871,1051.409
DUMP0243,4745.536,5878.176
DUMP0244,3502.698,5072.326
DUMP0245,9992.905,9129.906
DUMP0246,770.235,9460.228
DUMP0247,7944.808,8123.002
DUMP0248,8046.037,2086.527
DUMP0249,1320.188,6419.293
DUMP0250,8278.785,1019.797
DUMP0251,143.814,9469.79
DUMP0252,9100.206,2614.393
DUMP0253,8290.494,2985.841
DUMP0254,8415.201,129.724
DUMP0255,6083.904,2247.554
DUMP0256,6358.625,250.643
DUMP0257,6472.258,997.893
DUMP0258,4436.199,699.721
DUMP0259,3835.984,1559.918
DUMP0260,3279.717,4695.607
DUMP0261,6591.139,6336.14
DUMP0262,5235.378,8527.492
DUMP0263,4108.187,1441.499
DUMP0264,6852.815,3571.73
DUMP0265,9347.699,3901.89
DUMP0266,138.484,3438.55
DUMP0267,9596.477,4779.867
DUMP0268,8228.509,3679.571
DUMP0269,6084.166,759.192
DUMP0270,2024.786,1040.334
DUMP0271,4025.11,3234.328
DUMP0272,5578.058,6487.686
DUMP0273,2399.301,2681.578
DUMP0274,245.835,1216.656
DUMP0275,3814.472,8992.327
DUMP0276,1882.73,4078.024
DUMP0277,128.227,5887.805
DUMP0278,4208.081,3311.993
DUMP0279,3898.368,2727.29
DUMP0280,4080.822,1847.741
DUMP0281,7125.555,9331.359
DUMP0282,9068.048,3664.244
DUMP0283,116.275,7689.11
DUMP0284,4615.459,5452.428
DUMP0285,6557.95,8116.044
DUMP0286,5179.432,4344.225
DUMP0287,1314.559,418.586
DUMP0288,1654.097,1546.658
DUMP0289,9408.01,5668.52
DUMP0290,274.342,3182.236
DUMP0291,4119.836,8344.74
DUMP0292,4132.75,5468.185
DUMP0293,2640.499,3231.428
DUMP0294,797.472,7829.34
DUMP0295,4889.752,7313.935
DUMP0296,5721.662,889.95
DUMP0297,2688.445,3201.675
DUMP0298,7831.536,3464.848
DUMP0299,9656.392,7966.855
DUMP0300,6907.56,5315.924
DUMP0301,6923.781,3387.23
DUMP0302,1022.284,8582.606
DUMP0303,4595.436,9582.52
DUMP0304,7319.785,5743.774
DUMP0305,4270.765,6861.288
DUMP0306,2423.776,3531.938
DUMP0307,3196.388,8185.609
DUMP0308,9498.313,971.794
DUMP0309,245.05,3526.924
DUMP0310,6826.246,4377.488
DUMP0311,7600.52,9681.572
DUMP0312,6662.853,6660.833
DUMP0313,1431.608,5850.386
DUMP0314,6276.029,1952.12
DUMP0315,258.99,6782.113
DUMP0316,9932.681,6466.731
DUMP0317,2007.763,8704.093
DUMP0318,3175.966,3413.138
DUMP0319,8134.525,7941.185
DUMP0320,9311.459,8847.362
DUMP0321,23.65,2287.418
DUMP0322,5828.594,2317.773
DUMP0323,8510.804,7363.369
DUMP0324,7560.369,9439.195
DUMP0325,7076.746,9634.23
DUMP0326,4664.985,1358.442
DUMP0327,5166.018,9487.299
DUMP0328,6142.238,3221.57
DUMP0329,985.088,1341.53
DUMP0330,1226.136,7106.844
DUMP0331,3284.244,4346.07
DUMP0332,9755.134,3321.307
DUMP0333,6535.042,3490.572
DUMP0334,3856.19,4264.931
DUMP0335,4445.681,1168.878
DUMP0336,6417.759,5562.343
DUMP0337,1116.467,9744.441
DUMP0338,9870.061,2749.232
DUMP0339,3406.394,7806.449
DUMP0340,5061.892,5665.559
DUMP0341,7644.15,7516.616
DUMP0342,2653.718,4871.309
DUMP0343,8104.522,8828.416
DUMP0344,8661.168,7996.829
DUMP0345,6582.248,261.103
DUMP0346,3657.237,7090.627
DUMP0347,2429.478,629.696
DUMP0348,5939.765,7683.386
DUMP0349,9961.412,7282.116
DUMP0350,4486.986,320.414
DUMP0351,6799.084,8924.069
DUMP0352,5180.057,5626.605
DUMP0353,922.028,3207.922
DUMP0354,5920.968,8029.101
DUMP0355,3245.555,8317.546
DUMP0356,5882.0,5549.483
DUMP0357,2009.405,6951.013
DUMP0358,1369.801,4204.476
DUMP0359,8865.12,8679.185
DUMP0360,9445.079,1936.449
DUMP0361,9044.847,4687.401
DUMP0362,1644.486,8963.859
DUMP0363,9502.435,9732.128
DUMP0364,3584.592,2249.155
DUMP0365,9246.82,7127.875
DUMP0366,9254.99,7294.163
DUMP0367,9846.341,7300.185
DUMP0368,8198.839,9228.576
DUMP0369,4297.397,9198.449
DUMP0370,4137.109,9610.082
DUMP0371,5421.74,6408.639
DUMP0372,97.651,3394.125
DUMP0373,2749.848,119.976
DUMP0374,3130.362,2571.963
DUMP0375,1087.713,2556.046
DUMP0376,8603.709,2155.241
DUMP0377,6998.764,9919.046
DUMP0378,90.802,7110.864
DUMP0379,1344.145,1848.154
DUMP0380,3079.4,9179.259
DUMP0381,8762.497,917.582
DUMP0382,7901.225,845.788
DUMP0383,3586.971,9997.974
DUMP0384,8796.262,1097.458
DUMP0385,5670.731,4205.719
DUMP0386,6751.05,8586.635
DUMP0387,5576.605,9321.328
DUMP0388,8963.957,1634.747
DUMP0389,569.584,1979.865
DUMP0390,5079.111,6949.742
DUMP0391,8543.301,7310.787
DUMP0392,6543.382,6009.769
DUMP0393,6541.049,4001.103
DUMP0394,6627.993,8362.606
DUMP0395,8564.606,7186.054
DUMP0396,6756.153,723.384
DUMP0397,3279.642,4556.106
DUMP0398,3070.56,1982.586
DUMP0399,3746.731,8334.782
DUMP0400,2672.142,9355.345
DUMP0401,63.28,4219.569
DUMP0402,7213.008,7548.346
DUMP0403,119.33,1151.538
DUMP0404,707.946,5651.561
DUMP0405,947.149,3963.727
DUMP0406,2822.279,1024.777
DUMP0407,3746.948,4355.119
DUMP0408,5783.66,3452.714
DUMP0409,688.982,3289.657
DUMP0410,6940.989,35.775
DUMP0411,5218.317,195.228
DUMP0412,8642.138,1966.62
DUMP0413,5336.171,913.685
DUMP0414,5472.993,7928.355
DUMP0415,9145.827,7897.124
DUMP0416,8936.893,77.805
DUMP0417,8057.88,490.114
DUMP0418,8705.573,9963.245
DUMP0419,7176.471,6063.299
DUMP0420,7332.219,867.643
DUMP0421,8634.307,874.111
DUMP0422,2387.408,2700.724
DUMP0423,6875.837,3935.991
DUMP0424,3858.929,5019.852
DUMP0425,7533.03,8398.278
DUMP0426,8451.064,2832.587
DUMP0427,524.103,943.229
DUMP0428,1149.526,7456.821
DUMP0429,842.52,7564.876
DUMP0430,17.921,6869.049
DUMP0431,2473.152,6449.458
DUMP0432,7602.888,6545.566
DUMP0433,739.959,207.369
DUMP0434,3826.795,9070.079
DUMP0435,4644.833,2627.88
DUMP0436,4706.536,8204.563
DUMP0437,2070.883,1234.046
DUMP0438,9184.659,4240.847
DUMP0439,4437.963,3109.113
DUMP0440,2444.631,8619.473
DUMP0441,8024.938,2540.564
DUMP0442,7249.779,9190.412
DUMP0443,4177.362,9809.719
DUMP0444,908.072,8377.307
DUMP0445,8508.047,2522.515
DUMP0446,2768.324,2719.673
DUMP0447,1365.974,8111.042
DUMP0448,6983.766,7880.169
DUMP0449,6421.127,2614.015
DUMP0450,871.446,2584.667
DUMP0451,7883.137,196.408
DUMP0452,5334.396,3214.222
DUMP0453,2885.106,3347.582
DUMP0454,5916.357,1689.351
DUMP0455,1590.472,8495.681
DUMP0456,7544.83,3597.569
DUMP0457,2487.832,5845.615
DUMP0458,9324.832,7881.189
DUMP0459,4430.987,6345.696
DUMP0460,3592.463,7093.04
DUMP0461,5179.147,271.858
DUMP0462,6739.433,8715.793
DUMP0463,4847.193,1600.446
DUMP0464,3033.707,1923.892
DUMP0465,8399.503,7354.193
DUMP0466,2973.5,3025.49
DUMP0467,1263.167,4402.64
DUMP0468,9760.691,7569.081
DUMP0469,9355.576,743.879
DUMP0470,9255.267,9128.476
DUMP0471,8108.325,1281.269
DUMP0472,8688.564,9780.883
DUMP0473,7403.411,5145.575
DUMP0474,3429.333,8784.377
DUMP0475,5985.258,3230.276
DUMP0476,822.458,173.918
DUMP0477,7020.011,2956.275
DUMP0478,1322.112,3070.178
DUMP0479,4620.54,8470.736
DUMP0480,4741.696,1287.682
DUMP0481,8284.751,6744.689
DUMP0482,5459.754,8983.723
DUMP0483,4052.577,3871.377
DUMP0484,547.608,6957.547
DUMP0485,6217.207,9474.952
DUMP0486,78.401,4128.732
DUMP0487,4373.897,4153.334
DUMP0488,433.193,8146.078
DUMP0489,429.716,6401.787
DUMP0490,3125.294,4246.261
DUMP0491,8379.448,2041.852
DUMP0492,5115.0,2667.232
DUMP0493,6100.888,5442.008
DUMP0494,6673.452,954.65
DUMP0495,6326.583,6621.718
DUMP0496,677.492,9691.961
DUMP0497,8507.75,7931.185
DUMP0498,7864.34,5001.259
DUMP0499,9153.478,1550.109
DUMP0500,7437.185,9766.428
DUMP0501,627.559,6487.834
DUMP0502,9732.076,1417.759
DUMP0503,5591.365,8978.629
DUMP0504,2637.555,2100.084
DUMP0505,7177.271,7943.132
DUMP0506,9417.128,6525.551
DUMP0507,538.491,8211.727
DUMP0508,2859.698,5635.175
DUMP0509,7208.864,9781.513
DUMP0510,5513.805,1447.786
DUMP0511,5117.366,5549.251
DUMP0512,7520.955,1910.587
DUMP0513,5516.23,496.477
DUMP0514,9850.145,226.222
DUMP0515,5410.241,1745.704
DUMP0516,2747.497,4022.455
DUMP0517,2530.88,2611.115
DUMP0518,3086.547,4991.954
DUMP0519,9564.451,2091.943
DUMP0520,1726.426,428.911
DUMP0521,9156.381,7830.529
DUMP0522,8305.523,1495.557
DUMP0523,4414.208,6714.836
DUMP0524,5313.301,7323.27
DUMP0525,1942.144,9025.761
DUMP0526,5919.526,6118.834
DUMP0527,5860.28,4428.892
DUMP0528,125.747,1637.315
DUMP0529,4812.016,819.091
DUMP0530,5950.133,1900.248
DUMP0531,6846.343,4050.086
DUMP0532,6576.029,2619.706
DUMP0533,1245.857,6643.206
DUMP0534,8255.139,2109.897
DUMP0535,366.514,8686.214
DUMP0536,7532.568,7668.807
DUMP0537,7906.933,4172.53
DUMP0538,9510.505,8075.737
DUMP0539,7557.557,9406.334
DUMP0540,9080.986,5650.035
DUMP0541,564.662,5900.017
DUMP0542,4957.144,169.163
DUMP0543,3142.578,8202.318
DUMP0544,6247.945,9302.706
DUMP0545,7559.086,1857.062
DUMP0546,7132.8,469.12
DUMP0547,8693.63,2942.744
DUMP0548,9710.311,476.95
DUMP0549,7424.439,1013.531
DUMP0550,8630.597,8173.837
DUMP0551,5122.627,5631.735
DUMP0552,2199.31,3644.497
DUMP0553,1483.351,3934.975
DUMP0554,1379.443,6341.434
DUMP0555,4929.317,3553.631
DUMP0556,3462.573,9519.469
DUMP0557,9478.207,9792.348
DUMP0558,3625.812,820.043
DUMP0559,1627.69,8604.298
DUMP0560,3509.355,1470.489
DUMP0561,9556.522,2230.836
DUMP0562,5603.244,4135.623
DUMP0563,1381.142,3722.271
DUMP0564,7883.889,5430.006
DUMP0565,8577.967,160.52
DUMP0566,1078.099,4321.039
DUMP0567,6421.239,4114.484
DUMP0568,2760.077,8143.548
DUMP0569,8528.273,6492.016
DUMP0570,1324.534,7409.077
DUMP0571,6075.874,7348.138
DUMP0572,7356.168,5632.853
DUMP0573,3844.4,8374.142
DUMP0574,9254.847,9513.638
DUMP0575,3035.222,2114.619
DUMP0576,1925.943,6808.732
DUMP0577,9642.911,2389.69
DUMP0578,4492.764,5451.264
DUMP0579,4164.773,5486.572
DUMP0580,3708.998,5867.801
DUMP0581,9780.698,7641.425
DUMP0582,9628.958,4212.176
DUMP0583,1494.866,2021.314
DUMP0584,2314.559,7698.742
DUMP0585,2231.341,5612.61
DUMP0586,9272.521,4212.719
DUMP0587,2370.938,8874.688
DUMP0588,9790.442,680.662
DUMP0589,8226.067,9742.769
DUMP0590,2964.066,3582.29
DUMP0591,1918.007,2168.559
DUMP0592,7695.13,4416.875
DUMP0593,3092.86,3645.468
DUMP0594,9074.05,9967.633
DUMP0595,3196.044,2672.965
DUMP0596,2693.368,7839.946
DUMP0597,9087.802,1928.163
DUMP0598,1047.455,3327.364
DUMP0599,8302.131,8473.761
DUMP0600,9500.844,4200.984
DUMP0601,432.856,458.389
DUMP0602,8065.095,3747.723
DUMP0603,1703.582,2818.242
DUMP0604,1000.947,9163.0
DUMP0605,4301.71,5048.63
DUMP0606,1999.419,5226.758
DUMP0607,2536.916,9390.637
DUMP0608,8652.237,7185.784
DUMP0609,5642.369,7305.16
DUMP0610,847.067,3618.102
DUMP0611,8811.593,7911.408
DUMP0612,3156.581,3842.537
DUMP0613,1393.606,8.17
DUMP0614,9500.681,1844.926
DUMP0615,8010.43,1784.887
DUMP0616,4551.307,5442.194
DUMP0617,1848.586,2811.004
DUMP0618,1392.502,38.134
DUMP0619,3681.563,8393.797
DUMP0620,2200.938,4327.683
DUMP0621,3935.439,5150.097
DUMP0622,2142.303,473.766
DUMP0623,3302.522,9793.041
DUMP0624,5802.287,4520.128
DUMP0625,2944.439,7167.884
DUMP0626,1482.112,6136.496
DUMP0627,4995.611,685.613
DUMP0628,5009.568,3385.544
DUMP0629,104.582,4495.386
DUMP0630,2039.073,1068.895
DUMP0631,6865.29,5534.845
DUMP0632,3908.011,7044.858
DUMP0633,8767.332,3655.743
DUMP0634,5263.362,8910.231
DUMP0635,2664.068,4515.577
DUMP0636,4863.685,3605.155
DUMP0637,5604.728,7875.05
DUMP0638,8717.871,4126.633
DUMP0639,2833.44,7677.772
DUMP0640,7034.077,2741.148
DUMP0641,4433.569,2472.029
DUMP0642,5236.354,2085.865
DUMP0643,708.463,2646.4
DUMP0644,870.942,2996.495
DUMP0645,3283.357,3106.568
DUMP0646,9296.207,7638.649
DUMP0647,2613.69,9050.202
DUMP0648,4822.146,151.22
DUMP0649,4693.947,840.456
DUMP0650,2747.301,9609.239
DUMP0651,5316.641,9849.912
DUMP0652,4420.341,3333.471
DUMP0653,2294.051,2474.711
DUMP0654,7714.652,5908.557
DUMP0655,8609.229,4796.119
DUMP0656,8703.512,9005.56
DUMP0657,740.563,6682.598
DUMP0658,747.763,3531.554
DUMP0659,1273.704,6325.858
DUMP0660,1241.389,879.197
DUMP0661,7359.105,6783.104
DUMP0662,8459.739,9088.677
DUMP0663,7128.766,8287.239
DUMP0664,2883.493,4576.34
DUMP0665,5453.068,3977.207
DUMP0666,4622.562,4816.097
DUMP0667,5174.508,386.253
DUMP0668,1483.858,7718.052
DUMP0669,8653.131,2072.343
DUMP0670,1121.893,2338.929
DUMP0671,8788.233,4432.764
DUMP0672,9792.704,4964.354
DUMP0673,1160.978,7650.92
DUMP0674,1197.26,6962.857
DUMP0675,9961.849,7445.151
DUMP0676,8137.629,4255.767
DUMP0677,623.286,2257.275
DUMP0678,8588.834,7888.018
DUMP0679,5742.926,2018.519
DUMP0680,4777.565,8188.205
DUMP0681,1090.057,9030.826
DUMP0682,782.777,7214.861
DUMP0683,182.467,8549.227
DUMP0684,3149.118,5514.421
DUMP0685,438.154,6668.762
DUMP0686,9973.038,3022.142
DUMP0687,8380.361,1512.816
DUMP0688,366.532,6672.075
DUMP0689,2707.836,7148.499
DUMP0690,651.388,1333.214
DUMP0691,3160.253,5187.78
DUMP0692,2400.974,1264.191
DUMP0693,1116.813,3665.353
DUMP0694,622.464,5416.711
DUMP0695,293.429,5202.675
DUMP0696,3169.094,395.002
DUMP0697,221.112,5820.458
DUMP0698,7118.598,1801.477
DUMP0699,5710.312,850.534
DUMP0700,4657.513,8165.456
DUMP0701,1890.773,4647.267
DUMP0702,9030.971,2679.252
DUMP0703,7825.623,776.977
DUMP0704,2740.492,7765.763
DUMP0705,8677.603,2909.118
DUMP0706,4111.515,3315.327
DUMP0707,1923.418,3296.287
DUMP0708,8391.433,5741.142
DUMP0709,8437.083,5707.161
DUMP0710,6772.516,5548.317
DUMP0711,2122.431,4905.525
DUMP0712,3444.475,2289.633
DUMP0713,3159.499,9197.683
DUMP0714,9627.878,9679.665
DUMP0715,5446.823,2754.74
DUMP0716,3651.06,2966.615
DUMP0717,9621.564,8637.111
DUMP0718,7874.162,5201.024
DUMP0719,4851.593,7357.66
DUMP0720,8898.046,7166.414
DUMP0721,9473.25,6031.004
DUMP0722,8391.514,6066.312
DUMP0723,5495.196,8213.0
DUMP0724,4465.677,8437.945
DUMP0725,2577.053,9749.628
DUMP0726,7316.591,1952.963
DUMP0727,6842.58,2888.475
DUMP0728,969.982,1319.581
DUMP0729,4334.22,9482.903
DUMP0730,2375.227,5430.054
DUMP0731,4397.262,1704.324
DUMP0732,6952.225,3041.247
DUMP0733,453.241,8496.12
DUMP0734,7620.633,466.968
DUMP0735,4523.578,3189.985
DUMP0736,6563.091,3136.318
DUMP0737,6993.424,457.613
DUMP0738,9078.457,6468.185
DUMP0739,3983.192,8181.784
DUMP0740,7404.322,3133.443
DUMP0741,898.661,6385.991
DUMP0742,4244.874,8674.289
DUMP0743,1499.703,8308.179
DUMP0744,8438.034,2050.243
DUMP0745,2556.0,6139.974
DUMP0746,2845.529,4866.67
DUMP0747,5326.758,3926.909
DUMP0748,1237.44,2840.7
DUMP0749,8110.905,7992.089
DUMP0750,1014.179,6932.047
DUMP0751,8794.266,6105.99
DUMP0752,9608.166,5891.838
DUMP0753,4683.804,4013.732
DUMP0754,5838.056,6610.002
DUMP0755,9924.544,1495.981
DUMP0756,3252.809,8937.458
DUMP0757,6862.027,3080.301
DUMP0758,5627.075,627.49
DUMP0759,1502.775,386.128
DUMP0760,8456.764,1361.119
DUMP0761,3724.594,3293.444
DUMP0762,6966.293,731.762
DUMP0763,89.952,1719.686
DUMP0764,5681.523,3537.623
DUMP0765,761.176,2859.873
DUMP0766,2648.642,7270.72
DUMP0767,7134.917,200.034
DUMP0768,8350.761,1067.051
DUMP0769,3997.111,4237.36
DUMP0770,298.103,1078.528
DUMP0771,7418.03,6881.535
DUMP0772,7888.483,9689.133
DUMP0773,8884.639,3007.038
DUMP0774,6570.229,6594.47
DUMP0775,2272.989,7597.82
DUMP0776,9096.001,5910.75
DUMP0777,7814.923,2809.577
DUMP0778,8445.854,3308.466
DUMP0779,3040.399,5641.058
DUMP0780,6114.666,4659.038
DUMP0781,8317.972,7545.427
DUMP0782,5254.568,8836.103
DUMP0783,4008.473,3893.955
DUMP0784,9803.733,3141.865
DUMP0785,1332.787,8548.455
DUMP0786,6892.756,3209.672
DUMP0787,8071.617,6782.593
DUMP0788,4525.729,5298.723
DUMP0789,9499.339,5403.36
DUMP0790,1039.22,4392.093
DUMP0791,3037.931,9589.247
DUMP0792,4373.001,4000.524
DUMP0793,7655.763,7655.975
DUMP0794,797.068,6799.634
DUMP0795,9338.436,5806.407
DUMP0796,2771.279,9324.683
DUMP0797,647.586,4897.716
DUMP0798,1978.518,5547.134
DUMP0799,4011.995,8812.251
DUMP0800,727.986,4650.1
DUMP0801,2883.579,1091.144
DUMP0802,8446.658,6493.269
DUMP0803,3517.318,5321.236
DUMP0804,4474.515,598.335
DUMP0805,3297.297,338.712
DUMP0806,991.618,8493.147
DUMP0807,7814.14,2964.096
DUMP0808,176.545,8814.493
DUMP0809,678.029,2439.779
DUMP0810,8486.031,5742.111
DUMP0811,4387.306,7809.777
DUMP0812,9181.791,5773.377
DUMP0813,9215.742,688.894
DUMP0814,5194.811,6864.517
DUMP0815,8461.82,4757.68
DUMP0816,6289.231,2887.894
DUMP0817,7298.754,5785.056
DUMP0818,9899.718,5282.069
DUMP0819,1925.107,7930.687
DUMP0820,4510.185,1309.021
DUMP0821,9623.362,4952.582
DUMP0822,1679.088,2014.389
DUMP0823,2542.487,9269.454
DUMP0824,8126.166,348.937
DUMP0825,7006.922,3283.546
DUMP0826,4375.643,7429.438
DUMP0827,2930.06,2920.456
DUMP0828,9308.477,7880.303
DUMP0829,8311.898,7430.657
DUMP0830,9597.494,7547.016
DUMP0831,7458.166,2911.21
DUMP0832,7046.754,9370.389
DUMP0833,5708.338,7180.132
DUMP0834,1752.042,4652.287
DUMP0835,5294.092,7300.157
DUMP0836,5190.6,2365.905
DUMP0837,9858.802,4835.323
DUMP0838,1183.363,8411.008
DUMP0839,3657.468,9510.995
DUMP0840,304.939,7618.001
DUMP0841,6796.132,7153.436
DUMP0842,366.986,5043.122
DUMP0843,5042.954,2992.967
DUMP0844,886.256,6133.077
DUMP0845,3659.757,9854.303
DUMP0846,2341.088,3907.278
DUMP0847,6584.322,1342.614
DUMP0848,1501.248,886.194
DUMP0849,8478.332,7858.998
DUMP0850,1184.838,2808.825
DUMP0851,6627.959,579.567
DUMP0852,606.393,1888.595
DUMP0853,7766.297,2483.499
DUMP0854,7471.394,1634.317
DUMP0855,6341.408,6743.729
DUMP0856,6391.808,1742.65
DUMP0857,4654.778,2526.053
DUMP0858,3231.616,3321.706
DUMP0859,9092.947,1860.835
DUMP0860,3955.92,7819.001
DUMP0861,795.926,7777.38
DUMP0862,9049.628,6197.863
DUMP0863,9252.203,4548.847
DUMP0864,7785.971,9961.37
DUMP0865,4951.489,4531.853
DUMP0866,9526.417,6957.718
DUMP0867,5044.257,3959.342
DUMP0868,7171.587,9723.574
DUMP0869,5036.693,4638.906
DUMP0870,5074.198,409.398
DUMP0871,8238.012,7240.247
DUMP0872,6274.811,6974.183
DUMP0873,8085.743,4334.574
DUMP0874,5718.973,2407.917
DUMP0875,5569.731,6507.026
DUMP0876,5627.647,1954.763
DUMP0877,2782.191,397.165
DUMP0878,4205.083,5781.594
DUMP0879,3536.082,6693.169
DUMP0880,3840.394,4701.418
DUMP0881,2017.165,5323.998
DUMP0882,2166.762,2208.605
DUMP0883,4289.369,6369.877
DUMP0884,5146.486,2277.884
DUMP0885,5704.874,7024.96
DUMP0886,2126.387,1208.161
DUMP0887,8677.146,3422.377
DUMP0888,5612.519,4884.252
DUMP0889,5116.851,3142.746
DUMP0890,1512.62,6983.627
DUMP0891,6789.908,9363.281
DUMP0892,4976.621,8503.243
DUMP0893,5031.174,9877.899
DUMP0894,1670.041,3001.083
DUMP0895,7698.746,4219.3
DUMP0896,5632.747,8863.771
DUMP0897,2135.934,657.053
DUMP0898,174.719,6185.942
DUMP0899,9455.855,2395.105
DUMP0900,5054.082,4277.815
DUMP0901,4934.127,8232.303
DUMP0902,8857.962,5844.294
DUMP0903,4727.579,9071.942
DUMP0904,4435.363,3032.632
DUMP0905,4782.448,6613.612
DUMP0906,2346.181,7451.309
DUMP0907,3737.021,600.276
DUMP0908,6979.437,8850.335
DUMP0909,9092.611,9819.423
DUMP0910,476.433,9736.751
DUMP0911,9006.531,8906.236
DUMP0912,79.293,6710.36
DUMP0913,1975.191,9009.495
DUMP0914,2755.194,571.353
DUMP0915,5872.868,6924.51
DUMP0916,5331.178,4116.128
DUMP0917,680.038,7233.321
DUMP0918,83.032,5791.118
DUMP0919,975.97,4554.094
DUMP0920,5820.784,2462.562
DUMP0921,7544.447,2560.557
DUMP0922,8660.51,3927.839
DUMP0923,6869.491,4512.258
DUMP0924,3198.557,928.746
DUMP0925,6116.763,515.645
DUMP0926,4685.31,4062.802
DUMP0927,2921.471,2514.744
DUMP0928,4870.965,8811.582
DUMP0929,7940.984,3072.059
DUMP0930,5947.663,6305.512
DUMP0931,7222.91,6251.427
DUMP0932,631.53,1433.791
DUMP0933,7885.889,2623.231
DUMP0934,5684.104,532.803
DUMP0935,5811.571,2879.253
DUMP0936,418.891,149.391
DUMP0937,2386.154,5159.602
DUMP0938,7522.68,306.507
DUMP0939,5073.575,3351.487
DUMP0940,6071.932,7015.242
DUMP0941,841.823,2474.31
DUMP0942,8689.398,6636.938
DUMP0943,1668.917,5380.609
DUMP0944,3636.617,1544.007
DUMP0945,4063.213,5304.242
DUMP0946,6570.628,8830.215
DUMP0947,2738.806,9883.176
DUMP0948,3677.454,6475.641
DUMP0949,3953.667,4489.583
DUMP0950,6871.66,7417.67
DUMP0951,682.873,226.348
DUMP0952,3472.225,3174.196
DUMP0953,4459.207,9450.636
DUMP0954,3009.377,2273.019
DUMP0955,4310.628,3328.807
DUMP0956,4117.329,5257.017
DUMP0957,1132.263,7563.855
DUMP0958,6331.407,7535.272
DUMP0959,4405.155,1756.227
DUMP0960,7424.516,8723.724
DUMP0961,8919.342,7221.05
DUMP0962,1254.733,2930.784
DUMP0963,6903.419,401.176
DUMP0964,2830.846,3867.842
DUMP0965,7963.985,271.146
DUMP0966,2738.114,6370.459
DUMP0967,47.147,3087.304
DUMP0968,7359.576,4650.899
DUMP0969,7424.418,2454.877
DUMP0970,7134.02,1567.925
DUMP0971,6293.112,7897.023
DUMP0972,625.617,2809.106
DUMP0973,3311.013,8839.427
DUMP0974,689.592,4112.803
DUMP0975,9952.699,919.997
DUMP0976,9552.476,729.037
DUMP0977,5433.719,4493.12
DUMP0978,6833.988,2857.169
DUMP0979,4716.175,8668.16
DUMP0980,1626.427,8951.776
DUMP0981,951.881,1743.967
DUMP0982,2240.308,5380.459
DUMP0983,3102.367,4703.286
DUMP0984,595.831,3015.355
DUMP0985,50.906,1219.631
DUMP0986,6583.122,5572.556
DUMP0987,4622.113,254.026
DUMP0988,7585.038,980.312
DUMP0989,6989.737,4068.376
DUMP0990,8723.525,973.927
DUMP0991,3513.241,418.658
DUMP0992,9373.782,6154.109
DUMP0993,3387.244,1612.085
DUMP0994,8909.997,3554.286
DUMP0995,1258.194,4686.864
DUMP0996,3634.076,8186.301
DUMP0997,603.256,7664.961
DUMP0998,8888.759,603.89
DUMP0999,6796.394,7259.751
DUMP1000,7578.58,8682.865
