"num_nodes,num_edges,start,end"
"100,1000,0,99"
"81,81,36"
"31,28,14"
"86,94,12"
"75,75,12"
"27,29,4"
"71,25,90"
"69,53,76"
"35,0,21"
"89,54,20"
"27,97,12"
"48,12,45"
"77,33,94"
"58,68,119"
"48,10,107"
"80,79,47"
"73,24,6"
"84,29,11"
"29,12,59"
"81,46,46"
"26,85,120"
"87,82,82"
"21,68,21"
"59,48,119"
"81,88,88"
"41,98,30"
"4,40,9"
"27,72,41"
"27,83,114"
"82,58,18"
"31,95,34"
"95,74,75"
"51,46,18"
"65,63,7"
"14,19,102"
"87,54,50"
"48,76,68"
"32,70,2"
"87,92,114"
"68,96,83"
"43,14,21"
"58,0,113"
"92,33,98"
"22,64,112"
"80,38,65"
"77,25,98"
"20,69,119"
"67,0,63"
"2,14,113"
"39,30,113"
"72,10,63"
"8,97,17"
"16,84,71"
"21,33,78"
"54,27,97"
"93,88,40"
"51,85,57"
"66,57,29"
"8,8,71"
"29,75,10"
"90,80,9"
"4,42,31"
"35,85,70"
"16,92,74"
"73,60,61"
"52,24,85"
"55,45,60"
"93,6,83"
"12,7,44"
"13,31,69"
"57,17,36"
"59,31,10"
"56,70,84"
"69,1,119"
"96,30,63"
"61,27,116"
"7,21,50"
"33,58,90"
"93,71,63"
"19,24,8"
"74,94,96"
"40,7,62"
"64,67,66"
"10,23,9"
"86,30,114"
"72,31,6"
"79,10,75"
"72,66,34"
"26,85,31"
"33,50,83"
"38,58,97"
"9,1,73"
"12,9,65"
"33,16,113"
"8,31,21"
"56,69,79"
"83,83,105"
"70,38,14"
"17,33,14"
"95,70,37"
"77,26,27"
"87,81,65"
"62,32,109"
"6,11,107"
"35,35,99"
"16,81,21"
"94,56,55"
"71,1,114"
"88,19,107"
"47,74,56"
"16,5,116"
"5,45,32"
"85,13,72"
"52,79,119"
"30,20,104"
"22,22,95"
"42,52,111"
"94,31,101"
"89,13,5"
"60,28,118"
"58,44,102"
"29,29,25"
"51,42,9"
"98,35,66"
"51,86,69"
"42,3,34"
"22,74,34"
"4,13,45"
"93,40,66"
"14,49,25"
"32,5,1"
"66,68,95"
"94,85,56"
"8,85,80"
"40,84,93"
"38,64,53"
"41,51,71"
"16,24,49"
"86,95,79"
"72,38,107"
"0,38,56"
"74,77,60"
"56,56,66"
"60,94,11"
"36,65,80"
"42,11,97"
"30,86,104"
"25,25,32"
"60,78,10"
"58,53,74"
"24,91,64"
"51,31,89"
"0,96,114"
"13,99,23"
"89,66,72"
"31,15,103"
"59,85,72"
"76,40,115"
"56,78,115"
"64,54,71"
"57,20,61"
"57,33,108"
"81,35,67"
"62,80,57"
"9,91,35"
"42,40,11"
"17,19,89"
"19,90,54"
"52,42,54"
"7,26,50"
"98,74,3"
"97,73,1"
"45,38,110"
"53,68,70"
"77,28,35"
"55,55,44"
"85,86,93"
"21,59,80"
"68,3,76"
"72,72,83"
"54,17,24"
"6,33,28"
"58,41,113"
"48,35,107"
"53,32,61"
"2,95,45"
"28,83,84"
"5,5,32"
"25,2,31"
"16,60,73"
"27,59,99"
"47,21,96"
"91,14,21"
"39,13,119"
"39,73,49"
"50,91,76"
"88,80,90"
"98,38,77"
"15,72,45"
"68,54,9"
"64,82,109"
"53,62,47"
"81,58,56"
"22,93,84"
"34,78,69"
"99,61,106"
"93,75,110"
"31,11,58"
"31,96,79"
"85,48,64"
"41,23,46"
"33,43,77"
"89,35,67"
"24,10,53"
"62,71,89"
"60,82,58"
"2,11,52"
"88,31,75"
"47,60,45"
"54,95,46"
"89,58,33"
"29,15,41"
"15,95,98"
"88,23,95"
"61,35,98"
"67,76,13"
"24,37,23"
"38,1,17"
"35,5,71"
"37,89,82"
"96,62,2"
"73,36,57"
"43,23,33"
"61,14,52"
"62,9,88"
"6,19,73"
"38,10,16"
"71,97,77"
"79,28,49"
"57,56,76"
"54,39,8"
"78,94,98"
"26,80,85"
"10,20,71"
"9,9,58"
"88,76,5"
"29,36,90"
"58,9,119"
"33,80,103"
"25,54,29"
"82,19,106"
"18,9,102"
"39,76,73"
"36,56,89"
"38,89,35"
"64,69,11"
"76,5,95"
"41,77,12"
"29,86,74"
"75,2,87"
"34,34,97"
"22,60,57"
"35,23,56"
"81,62,61"
"44,52,86"
"13,20,89"
"63,36,52"
"97,97,12"
"40,32,99"
"51,65,1"
"84,69,7"
"24,66,97"
"63,80,7"
"26,34,119"
"36,56,63"
"15,3,78"
"30,90,71"
"1,70,29"
"14,59,83"
"19,63,38"
"65,90,107"
"61,60,71"
"18,49,77"
"65,95,111"
"8,35,110"
"53,43,65"
"34,0,39"
"75,74,63"
"19,57,45"
"42,70,49"
"58,41,90"
"30,73,110"
"99,99,96"
"60,90,49"
"49,84,84"
"19,63,17"
"64,75,13"
"56,12,59"
"1,92,112"
"83,19,101"
"33,43,51"
"83,10,110"
"86,68,41"
"80,91,63"
"69,4,31"
"80,87,30"
"95,11,13"
"97,81,13"
"56,21,116"
"3,5,8"
"37,45,19"
"31,67,88"
"23,21,79"
"48,79,64"
"74,18,82"
"32,58,2"
"59,36,21"
"9,56,76"
"38,81,89"
"32,58,26"
"49,61,49"
"73,45,90"
"37,2,85"
"50,50,111"
"87,99,7"
"77,95,116"
"36,99,78"
"45,28,80"
"32,86,99"
"84,87,81"
"12,80,40"
"56,4,94"
"16,11,42"
"95,53,17"
"69,46,117"
"34,21,106"
"61,37,44"
"14,59,19"
"96,28,93"
"86,50,103"
"71,46,51"
"1,33,59"
"47,86,34"
"74,48,48"
"13,86,4"
"79,71,79"
"28,82,106"
"59,89,53"
"14,14,5"
"38,63,31"
"68,17,48"
"85,95,70"
"53,75,20"
"53,83,63"
"78,52,36"
"4,88,57"
"56,30,13"
"87,47,83"
"45,7,25"
"15,58,28"
"82,81,3"
"6,42,17"
"72,26,98"
"70,26,105"
"29,42,101"
"76,0,19"
"16,69,23"
"14,84,17"
"1,45,31"
"75,75,34"
"6,16,68"
"14,95,58"
"99,46,14"
"57,64,79"
"5,93,111"
"84,66,83"
"3,7,109"
"51,54,63"
"91,56,11"
"41,77,17"
"35,79,71"
"91,41,77"
"67,37,78"
"55,12,15"
"83,83,71"
"92,27,114"
"29,52,59"
"51,53,41"
"54,40,48"
"19,87,9"
"11,10,13"
"95,94,17"
"71,7,72"
"71,42,53"
"45,85,55"
"92,6,77"
"39,45,65"
"27,19,29"
"13,44,48"
"14,97,29"
"54,71,105"
"79,78,72"
"3,77,107"
"88,88,35"
"89,97,44"
"44,0,19"
"72,84,19"
"94,81,12"
"95,67,54"
"58,43,40"
"92,41,73"
"76,10,20"
"20,96,87"
"10,34,55"
"62,77,35"
"27,96,45"
"55,14,87"
"75,62,40"
"5,28,77"
"7,0,28"
"98,17,38"
"41,41,96"
"55,22,69"
"90,29,107"
"85,45,111"
"94,5,59"
"9,40,74"
"51,90,38"
"14,14,42"
"21,79,89"
"46,11,14"
"31,55,68"
"10,50,96"
"43,28,22"
"9,65,68"
"65,24,45"
"44,93,83"
"18,30,33"
"25,22,98"
"97,83,99"
"80,63,73"
"97,74,119"
"72,82,80"
"41,80,57"
"8,60,39"
"35,75,65"
"9,39,5"
"7,47,10"
"82,11,65"
"49,59,102"
"94,5,104"
"73,83,78"
"60,64,8"
"57,13,108"
"43,91,83"
"22,5,57"
"56,67,21"
"46,47,50"
"52,99,77"
"6,80,9"
"42,12,50"
"36,32,85"
"77,19,75"
"84,18,40"
"83,89,17"
"76,90,40"
"71,48,43"
"16,85,95"
"87,67,86"
"54,65,47"
"39,23,44"
"98,62,18"
"19,9,101"
"12,64,107"
"94,94,44"
"98,79,49"
"19,20,89"
"98,79,22"
"92,92,47"
"86,92,57"
"78,36,101"
"57,29,40"
"60,24,74"
"56,59,100"
"48,64,21"
"25,77,33"
"6,82,48"
"70,13,67"
"15,36,21"
"34,57,19"
"55,11,29"
"57,44,54"
"6,50,31"
"49,10,4"
"40,12,84"
"42,18,37"
"60,89,98"
"90,60,1"
"10,2,107"
"19,70,78"
"67,54,37"
"30,38,31"
"53,81,59"
"8,14,64"
"76,76,66"
"73,30,38"
"54,0,31"
"73,53,86"
"10,67,9"
"67,69,65"
"70,2,61"
"5,81,48"
"32,32,101"
"8,44,85"
"80,13,95"
"96,42,46"
"69,43,23"
"99,87,90"
"61,80,18"
"8,91,59"
"4,37,102"
"25,5,40"
"65,50,70"
"60,60,83"
"24,36,100"
"6,83,16"
"47,55,96"
"56,49,24"
"63,88,119"
"66,34,94"
"54,10,106"
"23,69,14"
"10,41,40"
"57,77,22"
"88,56,6"
"93,45,56"
"35,81,8"
"9,85,47"
"65,95,4"
"18,77,57"
"4,16,100"
"82,46,73"
"4,77,58"
"47,47,10"
"73,17,51"
"40,83,15"
"3,94,67"
"49,71,100"
"33,90,79"
"36,88,63"
"25,15,10"
"57,22,57"
"11,87,41"
"85,44,71"
"69,37,109"
"20,91,90"
"81,22,66"
"28,15,102"
"17,30,4"
"46,70,60"
"70,16,12"
"8,39,92"
"92,61,99"
"52,73,41"
"82,9,88"
"66,44,107"
"99,70,24"
"98,16,117"
"7,15,39"
"21,20,91"
"28,44,67"
"36,10,82"
"70,35,39"
"78,68,83"
"21,75,20"
"21,84,116"
"77,43,73"
"5,3,83"
"98,73,27"
"98,73,82"
"3,63,70"
"37,82,62"
"31,87,59"
"9,88,57"
"53,61,44"
"77,18,92"
"40,93,45"
"51,16,66"
"71,13,60"
"15,34,19"
"12,6,50"
"78,53,111"
"20,41,93"
"40,24,64"
"65,59,40"
"63,2,51"
"64,58,28"
"74,74,37"
"63,76,84"
"86,60,2"
"13,55,34"
"93,46,47"
"5,51,72"
"24,46,10"
"49,64,71"
"35,79,16"
"16,12,102"
"43,71,97"
"18,25,52"
"64,64,18"
"91,42,67"
"58,19,66"
"17,41,41"
"20,50,95"
"38,75,107"
"65,68,73"
"38,60,48"
"42,86,54"
"74,39,93"
"88,88,61"
"33,83,100"
"74,73,7"
"74,61,81"
"92,79,49"
"18,87,74"
"89,14,57"
"40,53,89"
"26,52,79"
"60,94,91"
"17,66,42"
"84,61,41"
"22,58,44"
"69,45,112"
"92,87,89"
"33,78,32"
"35,71,39"
"98,36,89"
"90,62,45"
"71,92,16"
"73,86,115"
"50,44,103"
"18,18,92"
"10,44,84"
"32,95,26"
"68,34,90"
"34,17,95"
"75,30,86"
"67,28,7"
"12,52,61"
"12,87,1"
"70,20,120"
"60,61,97"
"36,41,8"
"98,11,30"
"68,94,120"
"4,22,108"
"22,4,51"
"63,23,112"
"37,37,73"
"77,13,43"
"36,58,70"
"67,63,18"
"64,59,104"
"14,42,59"
"82,32,2"
"94,43,73"
"86,96,79"
"81,51,66"
"41,11,13"
"23,17,120"
"31,0,31"
"57,96,43"
"38,74,2"
"33,83,31"
"7,85,40"
"20,51,119"
"90,98,16"
"81,37,29"
"28,17,59"
"95,77,90"
"70,60,103"
"85,27,88"
"96,76,11"
"67,57,47"
"9,72,107"
"70,64,69"
"19,21,67"
"56,14,92"
"74,62,66"
"57,7,66"
"53,58,72"
"59,86,93"
"2,50,1"
"95,27,6"
"54,44,70"
"7,8,61"
"4,36,99"
"17,98,94"
"82,53,115"
"48,57,117"
"48,48,85"
"69,17,45"
"15,22,51"
"67,16,29"
"0,0,39"
"59,86,55"
"68,48,32"
"58,44,25"
"92,97,104"
"84,53,120"
"2,30,13"
"76,4,87"
"90,6,6"
"51,56,28"
"96,99,65"
"37,29,94"
"73,40,99"
"86,41,113"
"18,84,53"
"38,35,76"
"94,22,55"
"71,71,45"
"82,85,68"
"40,89,20"
"38,48,69"
"60,30,39"
"90,18,118"
"7,71,54"
"71,67,32"
"32,26,11"
"57,47,93"
"24,6,87"
"77,77,10"
"24,97,86"
"71,27,112"
"42,38,2"
"27,24,16"
"95,96,32"
"89,77,51"
"30,70,37"
"48,59,46"
"39,33,113"
"63,59,93"
"60,97,118"
"26,47,6"
"72,28,3"
"33,70,75"
"92,53,26"
"42,29,107"
"31,63,88"
"43,32,63"
"92,82,59"
"21,93,22"
"17,92,24"
"69,82,68"
"4,9,86"
"6,6,18"
"80,29,20"
"1,27,48"
"7,79,120"
"78,61,3"
"0,68,2"
"2,67,69"
"36,2,90"
"86,55,117"
"22,13,68"
"19,30,68"
"32,45,51"
"10,47,59"
"72,31,29"
"38,87,11"
"83,83,12"
"51,48,61"
"7,7,22"
"10,63,83"
"42,72,13"
"67,5,116"
"88,72,6"
"9,87,116"
"69,72,23"
"40,2,76"
"18,96,106"
"50,9,73"
"30,72,50"
"86,69,97"
"94,17,89"
"92,10,45"
"6,12,108"
"9,43,79"
"76,50,42"
"3,81,58"
"62,29,49"
"55,23,85"
"48,10,38"
"31,91,35"
"19,48,82"
"19,94,47"
"13,13,40"
"56,46,14"
"16,11,58"
"71,71,14"
"3,11,12"
"76,76,111"
"49,1,50"
"99,10,72"
"31,73,88"
"48,21,39"
"34,63,22"
"55,35,62"
"9,46,32"
"92,80,79"
"25,58,39"
"0,50,80"
"48,42,56"
"83,76,42"
"77,88,41"
"22,50,38"
"94,88,74"
"31,41,105"
"50,46,73"
"25,75,24"
"87,98,94"
"59,90,103"
"37,88,109"
"52,86,82"
"38,30,20"
"91,54,10"
"57,76,52"
"68,64,112"
"88,53,102"
"46,89,69"
"76,81,14"
"98,31,46"
"21,82,73"
"82,86,97"
"42,55,13"
"33,28,67"
"71,74,29"
"57,47,99"
"86,75,20"
"44,3,38"
"53,10,94"
"18,44,59"
"26,66,61"
"12,56,58"
"40,8,104"
"90,90,44"
"82,13,22"
"94,31,71"
"20,42,60"
"29,51,24"
"81,84,4"
"94,78,58"
"75,54,91"
"27,26,91"
"8,73,112"
"68,23,26"
"58,14,111"
"62,67,41"
"76,49,76"
"14,44,59"
"79,22,91"
"38,78,87"
"17,40,40"
"14,23,19"
"65,49,18"
"73,49,63"
"81,68,83"
"22,71,37"
"17,23,58"
"79,6,2"
"62,17,50"
"71,64,53"
"87,62,108"
"56,62,73"
"3,97,5"
"35,28,22"
"99,58,99"
"98,63,15"
"73,14,70"
"46,69,6"
"97,92,28"
"54,13,84"
"96,31,5"
"57,33,105"
"11,56,16"
"99,30,95"
"75,88,91"
"78,80,79"
"17,26,104"
"7,72,36"
"76,68,91"
"37,37,110"
"65,86,18"
"96,52,36"
"83,16,17"
"31,18,107"
"31,97,51"
"62,18,35"
"80,53,10"
"81,98,66"
"95,35,113"
"47,58,42"
"74,0,109"
"93,11,59"
"81,85,109"
"8,68,55"
"27,63,107"
"36,43,17"
"72,62,115"
"87,87,13"
"80,80,119"
"20,56,55"
"25,88,113"
"83,38,120"
"35,11,33"
"10,47,84"
"21,6,40"
"92,89,55"
"83,11,1"
"27,61,76"
"28,66,2"
"1,89,16"
"54,88,10"
"29,49,104"
"13,13,113"
"38,17,105"
"96,17,87"
"18,8,2"
"78,83,45"
"92,27,20"
"52,78,111"
"27,11,18"
"96,15,50"
"44,54,18"
"31,35,32"
"70,76,78"
"36,99,4"
"84,38,78"
"65,24,38"
"82,6,102"
"30,63,31"
"63,81,68"
"1,46,17"
"49,72,70"
"87,22,99"
"9,2,2"
"33,33,8"
"50,64,92"
"64,98,90"
"51,10,69"
"78,19,40"
"10,65,104"
"19,68,76"
"81,97,88"
"82,8,56"
"93,30,12"
"55,14,78"
"7,39,85"
"94,22,91"
"17,17,64"
"44,66,106"
"92,33,17"
"95,99,94"
"15,98,43"
"54,34,34"
"91,73,64"
"58,65,64"
"72,21,33"
"98,13,87"
"92,14,66"
"0,5,2"
"31,5,50"
"19,22,110"
"4,70,92"
"94,83,42"
"31,53,41"
"34,9,16"
"64,86,23"
"28,66,52"
"8,59,100"
"39,41,59"
"1,47,73"
"38,94,60"
"47,75,99"
"99,25,70"
"97,31,120"
"52,3,45"
"81,88,43"
"0,97,109"
"94,93,27"
"67,30,8"
"18,91,6"
"29,66,115"
"47,58,11"
"74,12,82"
"50,9,8"
"55,84,31"
"37,33,119"
"50,89,42"
"40,57,10"
